{
    "model": "mlm_1l_2h_16d_simul-attacks_1_60k",
    "timestamp": "2025-04-15 18:58:53.659245",
    "epochs": 2910,
    "training": {
        "short": {
            "loss": 0.3279583498838727,
            "accuracy": 0.888682983994072,
            "top_2_accuracy": 0.9807961910136495,
            "top_3_accuracy": 0.99596833131877,
            "matthews_corrcoef": 0.8137986128888767,
            "macro_precision": 0.8549147810521585,
            "macro_recall": 0.56991362124155,
            "macro_f1": 0.6199152940283146
        },
        "host": {
            "loss": 0.04618543591818103,
            "accuracy": 0.9775233200003559,
            "top_2_accuracy": 0.9988764202035917,
            "top_3_accuracy": 0.9994089766908033,
            "matthews_corrcoef": 0.9579763053050302,
            "macro_precision": 0.9227186680903527,
            "macro_recall": 0.8258150703125315,
            "macro_f1": 0.8462188722252207
        }
    },
    "validation": {
        "short": {
            "loss": 0.41151079010874353,
            "accuracy": 0.8692095833755515,
            "top_2_accuracy": 0.9773725855033483,
            "top_3_accuracy": 0.9904970692900282,
            "matthews_corrcoef": 0.7822443522979563,
            "macro_precision": 0.7229239464176712,
            "macro_recall": 0.4623435215533857,
            "macro_f1": 0.48876682294305146
        },
        "host": {
            "loss": 0.6609262450425261,
            "accuracy": 0.862411687223087,
            "top_2_accuracy": 0.8756144665616585,
            "top_3_accuracy": 0.8830356567154556,
            "matthews_corrcoef": 0.7428125936399782,
            "macro_precision": 0.8161557207211629,
            "macro_recall": 0.6747209482317216,
            "macro_f1": 0.6738344800267904
        }
    },
    "params": {
        "augment": "simul-attacks",
        "context_size": 4096,
        "batch_size": 16,
        "features": [
            "short",
            "host"
        ],
        "targets": [
            "short",
            "host"
        ],
        "sampling": "index",
        "min_freq": 10,
        "n_heads": 2,
        "dim_per_head": 16,
        "num_layers": 1,
        "feedforward_factor": 4,
        "activation": "gelu",
        "gated_activation": true,
        "encoding": "raw_time",
        "encoding_type": "rotary",
        "rotary_max_exp": 14,
        "rotary_cutoff": 0.75,
        "biases": false,
        "head_bias": true,
        "tie_weights": true,
        "emb_init_std": 0.1767766952966369,
        "optimizer": "adam",
        "scheduler": "linear",
        "lr": 0.005,
        "warm_up_steps": 200,
        "decay": 0.1,
        "momentum": 0.9,
        "gamma": null,
        "class_balance": 2.0,
        "target_ratio": 0.2,
        "mask_ratio": 0.8,
        "perturb_ratio": 0.1,
        "path": "saved_models",
        "log": "train",
        "d_model": 32,
        "dim_feedforward": 128,
        "encoding_freqs": [
            1.0,
            0.29730177875068026,
            0.08838834764831845,
            0.026278012976678578,
            0.0078125,
            0.0023226701464896895
        ],
        "updates": 58200,
        "id": "1l_2h_16d_simul-attacks_1"
    }
}