{
    "model": "mlm_1l_2h_16d_more-noise-6_1_60k",
    "timestamp": "2025-04-16 01:37:35.975625",
    "epochs": 1730,
    "training": {
        "short": {
            "loss": 0.3589303076842915,
            "accuracy": 0.8545526636692128,
            "top_2_accuracy": 0.9693085158114447,
            "top_3_accuracy": 0.9931547329597737,
            "matthews_corrcoef": 0.8136714935353281,
            "macro_precision": 0.8370830168870408,
            "macro_recall": 0.5413355478573466,
            "macro_f1": 0.5892422883056415
        },
        "host": {
            "loss": 0.10711929338069633,
            "accuracy": 0.9495993835519081,
            "top_2_accuracy": 0.9968586583276601,
            "top_3_accuracy": 0.9987641113496772,
            "matthews_corrcoef": 0.9347014454166607,
            "macro_precision": 0.9006033627950295,
            "macro_recall": 0.8162743146086276,
            "macro_f1": 0.8290196657824846
        }
    },
    "validation": {
        "short": {
            "loss": 0.5870848104103097,
            "accuracy": 0.7917772692171638,
            "top_2_accuracy": 0.8868124227658754,
            "top_3_accuracy": 0.9674755783000376,
            "matthews_corrcoef": 0.7404120760781406,
            "macro_precision": 0.6882225480321004,
            "macro_recall": 0.46756205220136354,
            "macro_f1": 0.4638933470061853
        },
        "host": {
            "loss": 0.6929160238598979,
            "accuracy": 0.8087624430801509,
            "top_2_accuracy": 0.9255427852419839,
            "top_3_accuracy": 0.9324346260343626,
            "matthews_corrcoef": 0.7449181082799265,
            "macro_precision": 0.7662713912989595,
            "macro_recall": 0.7105667408829887,
            "macro_f1": 0.7079229918086045
        }
    },
    "params": {
        "augment": "more-noise-6",
        "context_size": 4096,
        "batch_size": 16,
        "features": [
            "short",
            "host"
        ],
        "targets": [
            "short",
            "host"
        ],
        "sampling": "index",
        "min_freq": 10,
        "n_heads": 2,
        "dim_per_head": 16,
        "num_layers": 1,
        "feedforward_factor": 4,
        "activation": "gelu",
        "gated_activation": true,
        "encoding": "raw_time",
        "encoding_type": "rotary",
        "rotary_max_exp": 14,
        "rotary_cutoff": 0.75,
        "biases": false,
        "head_bias": true,
        "tie_weights": true,
        "emb_init_std": 0.1767766952966369,
        "optimizer": "adam",
        "scheduler": "linear",
        "lr": 0.005,
        "warm_up_steps": 200,
        "decay": 0.1,
        "momentum": 0.9,
        "gamma": null,
        "class_balance": 2.0,
        "target_ratio": 0.2,
        "mask_ratio": 0.8,
        "perturb_ratio": 0.1,
        "path": "saved_models",
        "log": "train",
        "d_model": 32,
        "dim_feedforward": 128,
        "encoding_freqs": [
            1.0,
            0.29730177875068026,
            0.08838834764831845,
            0.026278012976678578,
            0.0078125,
            0.0023226701464896895
        ],
        "updates": 58820,
        "id": "1l_2h_16d_more-noise-6_1"
    }
}