{
    "model": "mlm_1l_2h_16d_more-noise-1_1_60k",
    "timestamp": "2025-04-15 21:08:11.445206",
    "epochs": 2230,
    "training": {
        "short": {
            "loss": 0.3300564381986159,
            "accuracy": 0.8726390134594939,
            "top_2_accuracy": 0.9758538968565171,
            "top_3_accuracy": 0.99524648352261,
            "matthews_corrcoef": 0.824826406251662,
            "macro_precision": 0.8346753336134491,
            "macro_recall": 0.5786180271841983,
            "macro_f1": 0.6223553055552347
        },
        "host": {
            "loss": 0.066769132900956,
            "accuracy": 0.9670334829484712,
            "top_2_accuracy": 0.9986277399963419,
            "top_3_accuracy": 0.9993427236475708,
            "matthews_corrcoef": 0.9527975173192266,
            "macro_precision": 0.9151134677634916,
            "macro_recall": 0.8347873881585764,
            "macro_f1": 0.8479089286151149
        }
    },
    "validation": {
        "short": {
            "loss": 0.39032389428628395,
            "accuracy": 0.8581367767911441,
            "top_2_accuracy": 0.9756745988289323,
            "top_3_accuracy": 0.9906904080096742,
            "matthews_corrcoef": 0.8052986186384231,
            "macro_precision": 0.714219372872365,
            "macro_recall": 0.5308966166494016,
            "macro_f1": 0.5411247397213252
        },
        "host": {
            "loss": 0.855569447720473,
            "accuracy": 0.8582695878894918,
            "top_2_accuracy": 0.8855797437444808,
            "top_3_accuracy": 0.8925080560416234,
            "matthews_corrcoef": 0.8001381841841477,
            "macro_precision": 0.8273643730677277,
            "macro_recall": 0.7218548328836808,
            "macro_f1": 0.7161333934114974
        }
    },
    "params": {
        "augment": "more-noise-1",
        "context_size": 4096,
        "batch_size": 16,
        "features": [
            "short",
            "host"
        ],
        "targets": [
            "short",
            "host"
        ],
        "sampling": "index",
        "min_freq": 10,
        "n_heads": 2,
        "dim_per_head": 16,
        "num_layers": 1,
        "feedforward_factor": 4,
        "activation": "gelu",
        "gated_activation": true,
        "encoding": "raw_time",
        "encoding_type": "rotary",
        "rotary_max_exp": 14,
        "rotary_cutoff": 0.75,
        "biases": false,
        "head_bias": true,
        "tie_weights": true,
        "emb_init_std": 0.1767766952966369,
        "optimizer": "adam",
        "scheduler": "linear",
        "lr": 0.005,
        "warm_up_steps": 200,
        "decay": 0.1,
        "momentum": 0.9,
        "gamma": null,
        "class_balance": 2.0,
        "target_ratio": 0.2,
        "mask_ratio": 0.8,
        "perturb_ratio": 0.1,
        "path": "saved_models",
        "log": "train",
        "d_model": 32,
        "dim_feedforward": 128,
        "encoding_freqs": [
            1.0,
            0.29730177875068026,
            0.08838834764831845,
            0.026278012976678578,
            0.0078125,
            0.0023226701464896895
        ],
        "updates": 57980,
        "id": "1l_2h_16d_more-noise-1_1"
    }
}