{
    "model": "mlm_1l_1h_16d_more-noise-6_1_60k",
    "timestamp": "2025-04-16 14:09:04.368725",
    "epochs": 1720,
    "training": {
        "short": {
            "loss": 0.3997089180997758,
            "accuracy": 0.8418911452012924,
            "top_2_accuracy": 0.961675089518503,
            "top_3_accuracy": 0.9896824738136415,
            "matthews_corrcoef": 0.7976060594033163,
            "macro_precision": 0.8374115773058559,
            "macro_recall": 0.4285912118977218,
            "macro_f1": 0.4844836279674736
        },
        "host": {
            "loss": 0.13912948207177714,
            "accuracy": 0.9357261260937931,
            "top_2_accuracy": 0.9940640017107399,
            "top_3_accuracy": 0.997859332018875,
            "matthews_corrcoef": 0.9168004133306104,
            "macro_precision": 0.8417499481147764,
            "macro_recall": 0.7888453654671695,
            "macro_f1": 0.784773004496926
        }
    },
    "validation": {
        "short": {
            "loss": 0.46803255283156436,
            "accuracy": 0.8111767754729524,
            "top_2_accuracy": 0.9572962558168359,
            "top_3_accuracy": 0.9852264575422625,
            "matthews_corrcoef": 0.760034281245865,
            "macro_precision": 0.7139122552950598,
            "macro_recall": 0.4082424794194585,
            "macro_f1": 0.4363825748406371
        },
        "host": {
            "loss": 0.5729582344923384,
            "accuracy": 0.8272507727612459,
            "top_2_accuracy": 0.9261200812760795,
            "top_3_accuracy": 0.9373781703868126,
            "matthews_corrcoef": 0.7689742436954065,
            "macro_precision": 0.7914947297839359,
            "macro_recall": 0.7098216647540263,
            "macro_f1": 0.7183681533969468
        }
    },
    "params": {
        "augment": "more-noise-6",
        "context_size": 4096,
        "batch_size": 16,
        "features": [
            "short",
            "host"
        ],
        "targets": [
            "short",
            "host"
        ],
        "sampling": "index",
        "min_freq": 10,
        "n_heads": 1,
        "dim_per_head": 16,
        "num_layers": 1,
        "feedforward_factor": 4,
        "activation": "gelu",
        "gated_activation": true,
        "encoding": "raw_time",
        "encoding_type": "rotary",
        "rotary_max_exp": 14,
        "rotary_cutoff": 0.75,
        "biases": false,
        "head_bias": true,
        "tie_weights": true,
        "emb_init_std": 0.25,
        "optimizer": "adam",
        "scheduler": "linear",
        "lr": 0.005,
        "warm_up_steps": 200,
        "decay": 0.1,
        "momentum": 0.9,
        "gamma": null,
        "class_balance": 2.0,
        "target_ratio": 0.2,
        "mask_ratio": 0.8,
        "perturb_ratio": 0.1,
        "path": "saved_models",
        "log": "train",
        "d_model": 16,
        "dim_feedforward": 64,
        "encoding_freqs": [
            1.0,
            0.29730177875068026,
            0.08838834764831845,
            0.026278012976678578,
            0.0078125,
            0.0023226701464896895
        ],
        "updates": 58480,
        "id": "1l_1h_16d_more-noise-6_1"
    }
}