{
    "model": "mlm_1l_1h_16d_original_1_60k",
    "timestamp": "2025-04-16 05:53:39.052343",
    "epochs": 2920,
    "training": {
        "short": {
            "loss": 0.35050346677862393,
            "accuracy": 0.8826336144752935,
            "top_2_accuracy": 0.9772297896902183,
            "top_3_accuracy": 0.9939584567620278,
            "matthews_corrcoef": 0.8033135248208477,
            "macro_precision": 0.8189395490467147,
            "macro_recall": 0.47054920579216014,
            "macro_f1": 0.5254729329777523
        },
        "host": {
            "loss": 0.057666813512731945,
            "accuracy": 0.9722816233850441,
            "top_2_accuracy": 0.9981781289015121,
            "top_3_accuracy": 0.9990973283461784,
            "matthews_corrcoef": 0.9481603086321101,
            "macro_precision": 0.8969879917231565,
            "macro_recall": 0.8087987179312233,
            "macro_f1": 0.826200934820896
        }
    },
    "validation": {
        "short": {
            "loss": 0.5261301213419277,
            "accuracy": 0.8451415110254986,
            "top_2_accuracy": 0.9512402727465132,
            "top_3_accuracy": 0.9855682372391624,
            "matthews_corrcoef": 0.7446279002916789,
            "macro_precision": 0.7262290036378174,
            "macro_recall": 0.45478020763537524,
            "macro_f1": 0.4716899495727162
        },
        "host": {
            "loss": 0.3611518540767623,
            "accuracy": 0.9162282948435204,
            "top_2_accuracy": 0.9583334611385296,
            "top_3_accuracy": 0.9639788722673971,
            "matthews_corrcoef": 0.8452741042935839,
            "macro_precision": 0.8676345972344528,
            "macro_recall": 0.6973397006443818,
            "macro_f1": 0.7179462979580107
        }
    },
    "params": {
        "augment": "original",
        "context_size": 4096,
        "batch_size": 16,
        "features": [
            "short",
            "host"
        ],
        "targets": [
            "short",
            "host"
        ],
        "sampling": "index",
        "min_freq": 10,
        "n_heads": 1,
        "dim_per_head": 16,
        "num_layers": 1,
        "feedforward_factor": 4,
        "activation": "gelu",
        "gated_activation": true,
        "encoding": "raw_time",
        "encoding_type": "rotary",
        "rotary_max_exp": 14,
        "rotary_cutoff": 0.75,
        "biases": false,
        "head_bias": true,
        "tie_weights": true,
        "emb_init_std": 0.25,
        "optimizer": "adam",
        "scheduler": "linear",
        "lr": 0.005,
        "warm_up_steps": 200,
        "decay": 0.1,
        "momentum": 0.9,
        "gamma": null,
        "class_balance": 2.0,
        "target_ratio": 0.2,
        "mask_ratio": 0.8,
        "perturb_ratio": 0.1,
        "path": "saved_models",
        "log": "train",
        "d_model": 16,
        "dim_feedforward": 64,
        "encoding_freqs": [
            1.0,
            0.29730177875068026,
            0.08838834764831845,
            0.026278012976678578,
            0.0078125,
            0.0023226701464896895
        ],
        "updates": 58400,
        "id": "1l_1h_16d_original_1"
    }
}