{
    "model": "mlm_1l_4h_16d_simul-attacks_1_60k",
    "timestamp": "2025-04-15 00:55:51.941882",
    "epochs": 2950,
    "training": {
        "short": {
            "loss": 0.31783838220523775,
            "accuracy": 0.8912562187472167,
            "top_2_accuracy": 0.9826511266906722,
            "top_3_accuracy": 0.9968165103762422,
            "matthews_corrcoef": 0.8177080802591938,
            "macro_precision": 0.8723162254967839,
            "macro_recall": 0.6220833734770824,
            "macro_f1": 0.6655645720334167
        },
        "host": {
            "loss": 0.03906511649412236,
            "accuracy": 0.980068199457967,
            "top_2_accuracy": 0.9994083442545774,
            "top_3_accuracy": 0.9997429796546766,
            "matthews_corrcoef": 0.9625827475850544,
            "macro_precision": 0.906287388937786,
            "macro_recall": 0.8361367072546045,
            "macro_f1": 0.8465536869512083
        }
    },
    "validation": {
        "short": {
            "loss": 0.3486679422865001,
            "accuracy": 0.8899663262455759,
            "top_2_accuracy": 0.9785771073723114,
            "top_3_accuracy": 0.9946005347281696,
            "matthews_corrcoef": 0.8162967377095097,
            "macro_precision": 0.7424859005241327,
            "macro_recall": 0.5287863663044508,
            "macro_f1": 0.5519339461178964
        },
        "host": {
            "loss": 0.43267393424391937,
            "accuracy": 0.8942684016170769,
            "top_2_accuracy": 0.9370052152879459,
            "top_3_accuracy": 0.9495507608058372,
            "matthews_corrcoef": 0.8026207883050052,
            "macro_precision": 0.8091085584337862,
            "macro_recall": 0.7123029847832841,
            "macro_f1": 0.6932894105323222
        }
    },
    "params": {
        "augment": "simul-attacks",
        "context_size": 4096,
        "batch_size": 16,
        "features": [
            "short",
            "host"
        ],
        "targets": [
            "short",
            "host"
        ],
        "sampling": "index",
        "min_freq": 10,
        "d_model": 64,
        "n_heads": 4,
        "num_layers": 1,
        "dim_feedforward": 256,
        "activation": "gelu",
        "gated_activation": true,
        "encoding": "raw_time",
        "encoding_type": "rotary",
        "encoding_freqs": [
            1.0,
            0.29730177875068026,
            0.08838834764831845,
            0.026278012976678578,
            0.0078125,
            0.0023226701464896895
        ],
        "biases": false,
        "head_bias": true,
        "tie_weights": true,
        "emb_init_std": 0.125,
        "updates": 59000,
        "optimizer": "adam",
        "scheduler": "linear",
        "lr": 0.005,
        "warm_up_steps": 200,
        "decay": 0.1,
        "momentum": 0.9,
        "gamma": null,
        "class_balance": 2.0,
        "target_ratio": 0.2,
        "mask_ratio": 0.8,
        "perturb_ratio": 0.1,
        "path": "saved_models",
        "log": "train",
        "id": "1l_4h_16d_simul-attacks_1"
    }
}