{
    "model": "mlm_1l_2h_16d_more-noise-11_1_60k",
    "timestamp": "2025-04-16 03:50:51.628370",
    "epochs": 1930,
    "training": {
        "short": {
            "loss": 0.35939507433497514,
            "accuracy": 0.859522698743655,
            "top_2_accuracy": 0.9699864469203845,
            "top_3_accuracy": 0.9931455689300774,
            "matthews_corrcoef": 0.8157812080914164,
            "macro_precision": 0.8317756649385349,
            "macro_recall": 0.4963322086258853,
            "macro_f1": 0.5549836057425711
        },
        "host": {
            "loss": 0.11718850251571161,
            "accuracy": 0.9461295831833585,
            "top_2_accuracy": 0.9961800485221568,
            "top_3_accuracy": 0.9986405924983336,
            "matthews_corrcoef": 0.9278457600622152,
            "macro_precision": 0.8865390319141255,
            "macro_recall": 0.807534941740267,
            "macro_f1": 0.8210675821730049
        }
    },
    "validation": {
        "short": {
            "loss": 0.625937974335181,
            "accuracy": 0.8258279657598312,
            "top_2_accuracy": 0.9100785520185475,
            "top_3_accuracy": 0.9302318880412088,
            "matthews_corrcoef": 0.7682379900383733,
            "macro_precision": 0.7576158000191532,
            "macro_recall": 0.48905526277232947,
            "macro_f1": 0.5184176692578283
        },
        "host": {
            "loss": 0.33749680050622693,
            "accuracy": 0.8960781619182296,
            "top_2_accuracy": 0.95458434367838,
            "top_3_accuracy": 0.9759578514338403,
            "matthews_corrcoef": 0.8532364301569322,
            "macro_precision": 0.802050981924619,
            "macro_recall": 0.7303308868033204,
            "macro_f1": 0.7310488368344135
        }
    },
    "params": {
        "augment": "more-noise-11",
        "context_size": 4096,
        "batch_size": 16,
        "features": [
            "short",
            "host"
        ],
        "targets": [
            "short",
            "host"
        ],
        "sampling": "index",
        "min_freq": 10,
        "n_heads": 2,
        "dim_per_head": 16,
        "num_layers": 1,
        "feedforward_factor": 4,
        "activation": "gelu",
        "gated_activation": true,
        "encoding": "raw_time",
        "encoding_type": "rotary",
        "rotary_max_exp": 14,
        "rotary_cutoff": 0.75,
        "biases": false,
        "head_bias": true,
        "tie_weights": true,
        "emb_init_std": 0.1767766952966369,
        "optimizer": "adam",
        "scheduler": "linear",
        "lr": 0.005,
        "warm_up_steps": 200,
        "decay": 0.1,
        "momentum": 0.9,
        "gamma": null,
        "class_balance": 2.0,
        "target_ratio": 0.2,
        "mask_ratio": 0.8,
        "perturb_ratio": 0.1,
        "path": "saved_models",
        "log": "train",
        "d_model": 32,
        "dim_feedforward": 128,
        "encoding_freqs": [
            1.0,
            0.29730177875068026,
            0.08838834764831845,
            0.026278012976678578,
            0.0078125,
            0.0023226701464896895
        ],
        "updates": 59830,
        "id": "1l_2h_16d_more-noise-11_1"
    }
}