{
    "model": "mlm_1l_2h_16d_more-noise-2_1_60k",
    "timestamp": "2025-04-15 23:30:10.468369",
    "epochs": 1810,
    "training": {
        "short": {
            "loss": 0.3370557539431495,
            "accuracy": 0.8618180248019721,
            "top_2_accuracy": 0.9726635479789315,
            "top_3_accuracy": 0.9946596263588999,
            "matthews_corrcoef": 0.8218964417111054,
            "macro_precision": 0.8446384366385191,
            "macro_recall": 0.5616160022965485,
            "macro_f1": 0.6133365139195286
        },
        "host": {
            "loss": 0.0838798638962621,
            "accuracy": 0.958878506114134,
            "top_2_accuracy": 0.9980522980338696,
            "top_3_accuracy": 0.9991101947470648,
            "matthews_corrcoef": 0.9462483651180869,
            "macro_precision": 0.9208497075671127,
            "macro_recall": 0.8309403589887164,
            "macro_f1": 0.8477520902836975
        }
    },
    "validation": {
        "short": {
            "loss": 0.39085746102880314,
            "accuracy": 0.8554644918674273,
            "top_2_accuracy": 0.9701504687352336,
            "top_3_accuracy": 0.9897775577860389,
            "matthews_corrcoef": 0.8140108688503157,
            "macro_precision": 0.7091055223100818,
            "macro_recall": 0.5253908319040802,
            "macro_f1": 0.5313478890983483
        },
        "host": {
            "loss": 1.0571537383559217,
            "accuracy": 0.7709134325229923,
            "top_2_accuracy": 0.8471817405193282,
            "top_3_accuracy": 0.8704140533550664,
            "matthews_corrcoef": 0.706143826777426,
            "macro_precision": 0.7642284541316671,
            "macro_recall": 0.6817098301760358,
            "macro_f1": 0.660216106294435
        }
    },
    "params": {
        "augment": "more-noise-2",
        "context_size": 4096,
        "batch_size": 16,
        "features": [
            "short",
            "host"
        ],
        "targets": [
            "short",
            "host"
        ],
        "sampling": "index",
        "min_freq": 10,
        "n_heads": 2,
        "dim_per_head": 16,
        "num_layers": 1,
        "feedforward_factor": 4,
        "activation": "gelu",
        "gated_activation": true,
        "encoding": "raw_time",
        "encoding_type": "rotary",
        "rotary_max_exp": 14,
        "rotary_cutoff": 0.75,
        "biases": false,
        "head_bias": true,
        "tie_weights": true,
        "emb_init_std": 0.1767766952966369,
        "optimizer": "adam",
        "scheduler": "linear",
        "lr": 0.005,
        "warm_up_steps": 200,
        "decay": 0.1,
        "momentum": 0.9,
        "gamma": null,
        "class_balance": 2.0,
        "target_ratio": 0.2,
        "mask_ratio": 0.8,
        "perturb_ratio": 0.1,
        "path": "saved_models",
        "log": "train",
        "d_model": 32,
        "dim_feedforward": 128,
        "encoding_freqs": [
            1.0,
            0.29730177875068026,
            0.08838834764831845,
            0.026278012976678578,
            0.0078125,
            0.0023226701464896895
        ],
        "updates": 59730,
        "id": "1l_2h_16d_more-noise-2_1"
    }
}