{
    "model": "mlm_1l_4h_16d_more-noise-1_1_60k",
    "timestamp": "2025-04-15 03:41:55.006348",
    "epochs": 2250,
    "training": {
        "short": {
            "loss": 0.31606072498217397,
            "accuracy": 0.8777729106583056,
            "top_2_accuracy": 0.9786192994679814,
            "top_3_accuracy": 0.9961918873284707,
            "matthews_corrcoef": 0.8320697597332809,
            "macro_precision": 0.8694709762661775,
            "macro_recall": 0.6337908247863292,
            "macro_f1": 0.6803046882825967
        },
        "host": {
            "loss": 0.05987716755804851,
            "accuracy": 0.9699035624374664,
            "top_2_accuracy": 0.998997504049672,
            "top_3_accuracy": 0.9995384402809341,
            "matthews_corrcoef": 0.9569794165692037,
            "macro_precision": 0.9280342159940185,
            "macro_recall": 0.8423200510411748,
            "macro_f1": 0.8587840985441524
        }
    },
    "validation": {
        "short": {
            "loss": 0.3826913912872472,
            "accuracy": 0.8538764337761144,
            "top_2_accuracy": 0.9714840924999623,
            "top_3_accuracy": 0.9907934189952046,
            "matthews_corrcoef": 0.8003393269591661,
            "macro_precision": 0.7553868386313285,
            "macro_recall": 0.5532513297494804,
            "macro_f1": 0.5710582088360848
        },
        "host": {
            "loss": 0.799853606159347,
            "accuracy": 0.8118089405176627,
            "top_2_accuracy": 0.8522083141311906,
            "top_3_accuracy": 0.8696521790610936,
            "matthews_corrcoef": 0.727984421904005,
            "macro_precision": 0.7524567490106228,
            "macro_recall": 0.6960150160925263,
            "macro_f1": 0.6778508568088049
        }
    },
    "params": {
        "augment": "more-noise-1",
        "context_size": 4096,
        "batch_size": 16,
        "features": [
            "short",
            "host"
        ],
        "targets": [
            "short",
            "host"
        ],
        "sampling": "index",
        "min_freq": 10,
        "d_model": 64,
        "n_heads": 4,
        "num_layers": 1,
        "dim_feedforward": 256,
        "activation": "gelu",
        "gated_activation": true,
        "encoding": "raw_time",
        "encoding_type": "rotary",
        "encoding_freqs": [
            1.0,
            0.29730177875068026,
            0.08838834764831845,
            0.026278012976678578,
            0.0078125,
            0.0023226701464896895
        ],
        "biases": false,
        "head_bias": true,
        "tie_weights": true,
        "emb_init_std": 0.125,
        "updates": 58500,
        "optimizer": "adam",
        "scheduler": "linear",
        "lr": 0.005,
        "warm_up_steps": 200,
        "decay": 0.1,
        "momentum": 0.9,
        "gamma": null,
        "class_balance": 2.0,
        "target_ratio": 0.2,
        "mask_ratio": 0.8,
        "perturb_ratio": 0.1,
        "path": "saved_models",
        "log": "train",
        "id": "1l_4h_16d_more-noise-1_1"
    }
}