{
    "model": "mlm_1l_4h_16d_more-noise-6_1_60k",
    "timestamp": "2025-04-15 09:23:59.563254",
    "epochs": 1730,
    "training": {
        "short": {
            "loss": 0.32998907788219617,
            "accuracy": 0.8643460015071004,
            "top_2_accuracy": 0.9744107230115666,
            "top_3_accuracy": 0.9951696460708757,
            "matthews_corrcoef": 0.8265663216323358,
            "macro_precision": 0.8425062974993817,
            "macro_recall": 0.602151455514336,
            "macro_f1": 0.6405289938313847
        },
        "host": {
            "loss": 0.08799728300392493,
            "accuracy": 0.9569331480512833,
            "top_2_accuracy": 0.998118743644025,
            "top_3_accuracy": 0.9992045443490846,
            "matthews_corrcoef": 0.944160273764212,
            "macro_precision": 0.906914951653692,
            "macro_recall": 0.837970034532798,
            "macro_f1": 0.8512082553110634
        }
    },
    "validation": {
        "short": {
            "loss": 0.48952016004936827,
            "accuracy": 0.8088890431181148,
            "top_2_accuracy": 0.9155335507965419,
            "top_3_accuracy": 0.9864785778731497,
            "matthews_corrcoef": 0.7595310988837504,
            "macro_precision": 0.7038558170139679,
            "macro_recall": 0.4925066955145579,
            "macro_f1": 0.5046942252142381
        },
        "host": {
            "loss": 0.6102061364232297,
            "accuracy": 0.8242168229488086,
            "top_2_accuracy": 0.9180592627884686,
            "top_3_accuracy": 0.9501826053192827,
            "matthews_corrcoef": 0.7651119877743018,
            "macro_precision": 0.8044722428372871,
            "macro_recall": 0.7043202594248678,
            "macro_f1": 0.723450119755012
        }
    },
    "params": {
        "augment": "more-noise-6",
        "context_size": 4096,
        "batch_size": 16,
        "features": [
            "short",
            "host"
        ],
        "targets": [
            "short",
            "host"
        ],
        "sampling": "index",
        "min_freq": 10,
        "d_model": 64,
        "n_heads": 4,
        "num_layers": 1,
        "dim_feedforward": 256,
        "activation": "gelu",
        "gated_activation": true,
        "encoding": "raw_time",
        "encoding_type": "rotary",
        "encoding_freqs": [
            1.0,
            0.29730177875068026,
            0.08838834764831845,
            0.026278012976678578,
            0.0078125,
            0.0023226701464896895
        ],
        "biases": false,
        "head_bias": true,
        "tie_weights": true,
        "emb_init_std": 0.125,
        "updates": 58820,
        "optimizer": "adam",
        "scheduler": "linear",
        "lr": 0.005,
        "warm_up_steps": 200,
        "decay": 0.1,
        "momentum": 0.9,
        "gamma": null,
        "class_balance": 2.0,
        "target_ratio": 0.2,
        "mask_ratio": 0.8,
        "perturb_ratio": 0.1,
        "path": "saved_models",
        "log": "train",
        "id": "1l_4h_16d_more-noise-6_1"
    }
}